aX,aY,aZ,gX,gY,gZ
1.501,0.390,0.826,206.970,306.946,91.248
1.693,0.326,1.083,237.549,240.540,71.838
2.109,0.115,1.505,334.656,28.931,-7.507
1.647,-0.245,1.611,445.312,-258.911,-112.549
1.184,-0.461,1.761,487.427,-495.117,-174.927
0.582,-0.944,1.350,478.333,-977.295,-281.921
0.156,-1.155,1.278,387.939,-1226.685,-397.583
-0.312,-1.299,1.680,335.815,-1274.780,-446.045
-1.409,-1.348,2.091,372.437,-1302.368,-517.944
-1.833,-0.666,0.797,563.599,-1173.584,-509.827
-1.851,-0.439,0.151,648.071,-1036.072,-467.163
-2.818,-0.433,-1.342,744.690,-758.118,-311.584
-3.655,0.485,-3.668,653.137,-673.157,-102.600
-3.841,0.675,-4.000,487.549,-623.352,10.864
-2.978,0.245,-3.931,200.562,-429.504,252.136
-1.749,-0.895,-2.370,70.862,-126.587,342.834
-1.540,-1.410,-2.155,19.470,17.517,353.516
-0.013,-1.051,-1.847,-124.390,187.439,234.497
-0.407,-1.118,-1.252,-244.873,452.271,-20.996
-0.686,-0.907,-1.294,-237.183,596.191,-146.057
-1.416,-0.453,-1.835,-195.435,888.916,-334.351
-2.088,-0.005,-2.291,-224.243,1049.072,-371.948
-2.366,0.075,-2.266,-274.719,1079.834,-333.008
-2.854,0.264,-1.567,-386.230,1139.221,-162.231
-2.723,-0.021,-0.462,-469.360,1180.359,115.784
-2.539,-0.525,0.107,-513.794,1167.053,250.854
-2.355,-1.688,0.776,-583.923,1051.270,411.011
-1.209,-1.720,1.995,-531.555,796.143,429.077
0.659,-1.298,2.875,-445.007,650.452,422.607
3.969,0.811,3.578,-165.833,192.261,305.481
3.969,0.985,3.585,182.373,-200.195,11.353
2.013,-0.160,3.019,347.168,-429.687,-134.583
-0.505,-1.088,1.058,569.031,-810.547,-331.177
-0.474,-0.642,0.346,433.044,-1016.479,-360.596
-0.527,-0.170,0.204,288.879,-1067.322,-348.328
-0.804,-0.037,0.775,133.789,-1145.081,-299.316
-0.826,-0.013,0.686,218.811,-1094.482,-263.062
-0.994,-0.153,0.001,303.040,-1007.935,-242.187
-1.250,-0.264,-0.923,417.908,-843.201,-186.707
-1.449,-0.189,-1.317,397.583,-752.136,-122.498
-1.668,-0.139,-2.328,338.318,-684.387,-83.130
-2.033,-0.221,-3.012,187.134,-455.261,-28.870
-2.022,-0.272,-3.224,113.037,-321.289,3.479
-1.720,0.007,-3.212,-21.973,-12.390,17.273
-1.470,-0.238,-2.398,-113.220,282.715,-25.269
-1.435,-0.260,-1.928,-143.494,404.785,-39.734
-1.455,-0.136,-1.456,-161.987,616.516,-66.895
-1.596,0.103,-1.272,-167.053,756.287,-60.913
-1.710,0.193,-1.330,-180.725,797.607,-26.794
-1.843,0.194,-1.189,-245.483,835.266,107.117
-1.779,-0.026,-0.843,-327.393,831.543,272.827
-1.577,-0.417,-0.637,-382.385,806.763,348.206
-1.292,-0.752,-0.309,-483.276,749.695,457.703
-0.730,-1.034,0.318,-499.939,672.058,479.675
-0.367,-1.040,0.419,-458.801,628.174,470.154
0.375,-0.796,0.458,-344.543,543.884,431.396
0.935,-0.333,0.412,-233.582,531.494,353.027
1.014,-0.184,0.349,-187.561,529.785,304.199
1.092,-0.036,0.359,-124.329,524.841,222.351
1.131,0.052,0.496,-95.764,490.356,159.424
1.165,0.086,0.550,-89.478,456.238,135.620
1.290,0.042,0.612,-76.904,369.995,97.717
1.332,0.034,0.686,-64.453,270.630,73.181
1.346,0.006,0.723,-57.617,217.285,64.636
1.362,-0.083,0.740,-42.053,112.366,47.729
1.358,-0.115,0.745,-6.836,36.133,20.325
1.352,-0.125,0.721,15.869,10.925,4.150
1.249,-0.100,0.552,64.697,-6.165,-33.691
1.097,-0.067,0.472,82.275,-46.631,-55.603
1.046,-0.017,0.440,89.355,-52.429,-62.622
0.924,-0.021,0.315,96.741,-59.143,-65.063
0.867,0.018,0.190,95.398,-70.557,-56.946
0.870,0.039,0.152,88.501,-76.721,-51.514
0.876,0.084,0.101,75.195,-80.811,-43.823
0.868,0.105,0.032,67.139,-72.205,-38.940
0.866,0.139,0.024,63.171,-69.946,-36.072
0.890,0.178,-0.001,56.274,-69.214,-30.701
0.922,0.188,-0.015,53.711,-67.627,-29.785
0.915,0.191,-0.048,54.565,-69.031,-31.738
0.913,0.225,-0.083,58.289,-70.435,-34.973
0.915,0.203,-0.119,61.951,-67.810,-36.743
0.927,0.202,-0.137,63.965,-66.711,-38.879
0.903,0.191,-0.175,68.054,-61.340,-38.452
0.904,0.169,-0.209,70.190,-56.458,-38.513
0.897,0.183,-0.214,68.909,-55.054,-36.194
0.897,0.198,-0.261,62.012,-54.504,-33.081
0.893,0.196,-0.263,51.025,-52.246,-29.663
0.899,0.187,-0.282,48.035,-50.293,-27.954
0.894,0.193,-0.300,38.940,-45.715,-28.137
0.902,0.200,-0.293,28.931,-39.185,-25.879
0.914,0.214,-0.292,26.184,-37.415,-25.696
0.896,0.204,-0.316,18.127,-33.203,-23.743
0.898,0.210,-0.309,14.526,-29.419,-21.423
0.900,0.211,-0.319,15.076,-26.855,-20.447
0.898,0.207,-0.314,15.320,-19.470,-17.822
0.893,0.194,-0.315,15.991,-13.245,-15.564
0.903,0.215,-0.324,14.404,-9.094,-13.611
0.918,0.204,-0.294,12.329,-1.465,-11.230
0.932,0.193,-0.284,9.949,5.249,-9.949
0.933,0.193,-0.256,8.850,8.484,-10.925
0.942,0.174,-0.242,9.155,12.146,-13.306
0.938,0.207,-0.239,7.202,12.207,-13.428
0.945,0.190,-0.224,5.310,12.268,-13.245
0.942,0.187,-0.203,3.601,10.986,-13.611
0.953,0.192,-0.205,2.502,7.507,-14.404
0.941,0.191,-0.185,3.357,4.883,-15.137
0.938,0.177,-0.186,4.456,0.916,-15.442
0.944,0.197,-0.176,6.592,-1.770,-16.785
0.925,0.201,-0.180,8.179,-2.014,-18.311
0.920,0.193,-0.182,9.277,0.122,-17.944
0.927,0.205,-0.191,10.742,0.610,-18.738
0.906,0.201,-0.198,10.864,-0.366,-18.921
0.906,0.199,-0.205,9.888,-1.404,-16.357
0.909,0.208,-0.198,10.010,-1.709,-17.029
0.899,0.185,-0.194,8.179,-1.526,-14.893
0.915,0.195,-0.215,6.287,-2.075,-14.221
0.918,0.190,-0.204,4.700,-1.282,-13.306
0.912,0.185,-0.195,3.113,-2.319,-14.771
0.923,0.188,-0.192,2.563,-2.014,-14.893

1.636,0.008,0.923,94.177,-57.068,-78.918
1.590,0.029,1.086,123.962,-154.541,-103.882
1.336,-0.047,1.077,195.618,-367.981,-179.443
0.657,-0.198,1.178,253.723,-607.422,-245.117
0.517,-0.095,1.021,254.333,-782.654,-252.869
0.152,-0.194,0.682,176.025,-1052.551,-240.051
-0.226,-0.222,0.844,103.394,-1176.636,-210.144
-0.317,-0.177,0.957,99.304,-1212.646,-206.177
-0.674,-0.245,0.951,157.532,-1225.159,-221.191
-0.867,-0.167,0.475,288.879,-1140.625,-240.540
-0.947,-0.115,0.045,357.544,-1057.983,-243.164
-1.368,-0.076,-1.062,433.350,-898.865,-223.633
-1.850,-0.073,-2.472,357.056,-734.741,-170.105
-2.149,-0.130,-3.102,270.081,-619.873,-134.766
-2.034,0.275,-3.478,57.007,-310.364,-56.152
-2.188,0.031,-3.464,-52.795,112.671,-15.076
-2.053,-0.122,-3.231,-108.948,309.326,-0.977
-1.825,-0.361,-2.533,-227.417,579.285,-4.517
-1.716,-0.425,-1.805,-292.236,791.382,-40.161
-1.780,-0.429,-1.613,-309.021,880.127,-51.758
-1.835,-0.465,-1.255,-351.990,985.596,-17.639
-1.938,-0.544,-0.622,-377.319,1110.657,63.354
-1.968,-0.609,-0.177,-380.981,1125.427,114.319
-1.955,-0.731,0.568,-337.280,1037.354,213.318
-1.198,-1.078,1.507,-273.193,884.399,283.997
0.170,-0.648,2.103,-231.628,719.849,317.139
3.425,0.916,2.624,-77.881,31.372,280.457
2.868,-0.164,2.352,102.539,-605.286,14.160
1.359,-0.526,1.893,184.265,-844.971,-154.480
-0.054,-0.328,1.413,236.328,-1111.267,-381.653
-1.149,-0.323,1.671,221.802,-1191.345,-465.332
-1.477,-0.209,1.238,262.451,-1194.824,-457.520
-1.739,0.099,-0.094,388.062,-1086.975,-363.220
-2.085,0.200,-1.581,465.698,-951.050,-207.458
-1.998,0.132,-2.617,432.007,-893.921,-122.620
-2.056,-0.135,-3.588,195.862,-683.044,12.695
-2.005,0.015,-3.907,38.635,-242.859,7.324
-1.909,-0.166,-3.592,-0.854,2.136,-1.709
-1.660,-0.439,-2.706,-68.787,428.955,8.301
-1.643,-0.515,-2.160,-134.094,664.612,-0.732
-1.687,-0.427,-1.460,-148.560,720.886,2.686
-1.787,-0.123,-1.229,-171.631,785.339,44.434
-1.821,-0.085,-1.142,-230.225,812.073,145.813
-1.737,-0.077,-0.765,-256.592,813.904,210.510
-1.496,-0.314,-0.274,-296.448,787.537,311.890
-1.331,-0.450,-0.162,-324.402,736.572,377.686
-0.792,-0.605,0.159,-332.214,688.782,380.798
-0.112,-0.447,0.341,-320.679,567.322,346.008
0.226,-0.339,0.338,-251.526,415.405,293.213
0.829,-0.011,0.149,-210.144,368.347,263.306
1.127,0.227,0.051,-143.188,333.130,212.341
1.111,0.322,0.016,-113.831,346.680,178.711
0.962,0.323,0.047,-66.284,362.915,116.211
0.978,0.300,0.121,-39.307,347.839,73.059
1.007,0.329,0.135,-26.917,332.947,54.443
0.976,0.315,0.149,-14.038,286.011,32.043
0.962,0.265,0.224,-13.672,224.060,28.870
0.984,0.250,0.246,-12.024,189.026,31.494
1.012,0.207,0.256,-3.967,130.249,41.504
1.077,0.149,0.256,11.902,87.158,43.152
1.104,0.150,0.271,22.583,72.815,40.466
1.122,0.100,0.203,49.194,50.354,23.315
1.065,0.113,0.114,59.814,18.982,6.348
1.058,0.118,0.119,64.148,7.263,2.930
0.971,0.104,0.020,73.730,-1.038,-13.306
0.925,0.097,-0.062,71.533,-10.925,-13.916
0.899,0.103,-0.084,66.956,-14.771,-13.672
0.894,0.092,-0.150,56.335,-22.949,-9.827
0.901,0.077,-0.176,47.424,-21.301,-4.333
0.916,0.072,-0.183,45.044,-18.677,-2.686
0.929,0.058,-0.237,38.940,-8.728,-3.723
0.927,0.075,-0.238,30.701,-6.653,-4.272
0.940,0.077,-0.250,27.405,-4.883,-5.798
0.947,0.074,-0.248,18.005,-2.502,-11.658
0.950,0.095,-0.241,12.207,-7.202,-19.775
0.935,0.105,-0.241,8.545,-10.559,-20.691
0.924,0.138,-0.230,4.761,-17.273,-23.193
0.911,0.143,-0.240,6.958,-21.973,-27.710
0.901,0.150,-0.247,6.714,-22.888,-27.771
0.881,0.178,-0.253,10.193,-22.766,-30.273
0.864,0.188,-0.265,14.832,-20.874,-32.837
0.864,0.190,-0.270,16.968,-20.020,-33.264
0.855,0.201,-0.291,17.212,-17.273,-29.541
0.852,0.216,-0.302,16.541,-15.076,-25.818
0.867,0.223,-0.303,15.015,-15.503,-23.254
0.867,0.208,-0.308,9.399,-16.663,-18.616
0.878,0.216,-0.312,5.737,-15.320,-14.099
0.883,0.219,-0.312,5.798,-15.564,-13.611
0.889,0.225,-0.326,8.118,-12.817,-12.939
0.905,0.217,-0.306,10.132,-8.850,-12.939
0.903,0.209,-0.317,12.146,-8.484,-13.184
0.915,0.218,-0.330,14.648,-7.690,-13.000
0.916,0.222,-0.336,14.404,-6.897,-12.817
0.896,0.212,-0.324,14.099,-5.981,-12.146
0.896,0.203,-0.323,13.489,-6.226,-11.292
0.900,0.213,-0.309,11.963,-5.615,-9.277
0.898,0.203,-0.309,12.756,-4.333,-9.705
0.912,0.207,-0.334,13.550,-0.549,-9.766
0.893,0.194,-0.306,12.268,1.160,-8.972
0.911,0.197,-0.308,11.414,0.732,-7.629
0.909,0.188,-0.305,11.169,0.854,-8.972
0.898,0.181,-0.316,9.399,0.061,-8.972
0.899,0.180,-0.309,7.019,-0.854,-8.301
0.903,0.189,-0.286,3.601,-3.540,-8.667
0.904,0.176,-0.279,3.296,-3.052,-9.583
0.892,0.192,-0.255,3.296,-1.160,-10.193
0.886,0.188,-0.252,7.324,0.916,-11.230
0.900,0.189,-0.236,12.390,3.601,-12.817
0.892,0.179,-0.249,14.709,5.005,-14.099
0.885,0.178,-0.243,17.883,7.690,-14.587
0.889,0.179,-0.253,17.334,6.897,-13.550
0.893,0.191,-0.260,16.357,5.005,-13.123
0.897,0.174,-0.263,12.695,1.160,-10.925
0.901,0.163,-0.281,8.972,-2.991,-9.583
0.912,0.154,-0.266,7.690,-4.089,-9.277
0.932,0.152,-0.271,5.615,-7.263,-9.216
0.927,0.147,-0.278,5.676,-7.935,-11.841
0.919,0.162,-0.279,7.690,-7.019,-12.329
0.920,0.160,-0.294,9.705,-6.104,-15.259

1.429,-0.006,1.092,148.682,-500.244,-142.639
1.349,-0.023,1.130,156.311,-663.269,-175.598
0.797,-0.163,1.046,122.925,-958.984,-236.145
0.024,-0.360,1.102,62.195,-1142.883,-255.798
-0.185,-0.295,1.260,56.396,-1186.829,-258.362
-0.512,-0.205,1.109,126.709,-1192.749,-273.315
-0.704,-0.208,0.549,256.592,-1095.337,-291.504
-0.793,-0.148,0.137,320.129,-1026.489,-288.452
-1.272,-0.058,-0.718,383.057,-902.649,-256.958
-1.866,0.094,-1.632,352.905,-812.866,-176.941
-1.953,0.287,-2.109,306.763,-749.451,-118.225
-2.332,0.095,-2.753,184.204,-542.114,-1.709
-2.063,-0.152,-2.797,88.989,-208.801,68.054
-1.885,-0.424,-2.663,38.940,-42.480,83.130
-1.528,-0.708,-2.238,-77.148,214.600,75.195
-1.252,-0.797,-1.844,-184.875,423.950,-6.409
-1.323,-0.795,-1.757,-216.370,527.222,-63.904
-1.573,-0.625,-1.767,-231.445,736.206,-168.701
-1.824,-0.526,-1.921,-241.699,894.287,-200.317
-2.226,-0.355,-2.115,-266.479,953.186,-176.208
-2.697,-0.106,-2.045,-342.041,1067.810,-63.599
-2.526,-0.337,-1.238,-419.556,1169.556,114.807
-2.553,-0.674,-0.280,-468.140,1192.688,211.609
-2.118,-1.120,0.430,-514.954,1120.728,379.089
-1.740,-1.261,0.737,-471.313,973.450,399.780
-0.511,-1.059,1.107,-441.895,860.596,381.287
0.932,-0.212,1.142,-368.958,593.384,350.159
1.625,0.141,1.274,-271.484,460.937,279.358
2.705,0.482,2.084,-206.726,411.926,201.843
3.400,0.776,2.837,-23.132,58.044,-18.921
3.097,0.747,2.718,65.247,-218.506,-139.526
1.203,-0.010,2.614,199.646,-682.373,-327.698
-0.153,-0.537,2.232,308.960,-1076.721,-426.819
-0.651,-0.777,1.987,318.604,-1216.553,-451.843
-1.011,-0.678,1.812,253.784,-1321.533,-464.661
-1.202,-0.549,1.764,262.512,-1279.053,-474.976
-1.294,-0.424,1.375,321.167,-1224.854,-480.652
-1.307,-0.114,0.067,478.394,-1059.265,-434.753
-1.512,0.103,-1.254,546.204,-877.441,-331.604
-1.928,-0.091,-1.850,507.141,-782.410,-263.489
-2.352,0.080,-2.972,366.882,-633.911,-109.375
-2.252,-0.126,-3.552,156.799,-413.452,-2.869
-1.917,-0.272,-3.572,81.726,-250.305,49.072
-1.594,-0.609,-3.083,-14.343,140.137,66.284
-1.461,-0.971,-2.307,-59.937,449.829,13.733
-1.469,-0.923,-2.028,-78.491,562.195,-12.329
-1.627,-0.691,-1.950,-104.492,718.018,-45.776
-1.815,-0.505,-1.941,-169.922,795.532,-37.292
-1.840,-0.392,-1.892,-219.299,815.491,-8.850
-1.954,-0.383,-1.536,-330.872,852.295,103.088
-1.691,-0.663,-0.707,-438.538,888.428,241.638
-1.671,-0.796,-0.301,-479.248,882.507,304.687
-1.224,-0.920,0.344,-485.046,839.417,386.292
-0.465,-0.777,0.678,-408.081,746.094,357.666
-0.081,-0.580,0.684,-365.845,654.602,339.905
0.677,-0.122,0.460,-283.142,479.004,315.063
1.095,0.288,0.306,-228.210,411.621,273.315
1.084,0.331,0.289,-211.304,402.344,243.774
0.954,0.335,0.397,-182.190,384.155,190.613
0.967,0.289,0.492,-150.757,333.313,146.667
1.056,0.305,0.522,-134.216,307.068,127.319
1.130,0.304,0.602,-102.295,256.348,94.360
1.185,0.282,0.704,-69.031,186.768,65.979
1.203,0.251,0.726,-49.805,145.020,54.688
1.191,0.176,0.698,-7.324,68.542,34.302
1.131,0.114,0.626,36.133,20.752,18.494
1.110,0.072,0.581,56.702,6.775,10.559
1.025,0.028,0.473,89.111,-4.578,-0.305
0.982,0.002,0.355,108.704,-12.817,-4.150
0.959,-0.010,0.317,112.610,-18.860,-1.709
0.952,-0.017,0.216,108.276,-28.809,1.282
0.935,-0.018,0.136,95.032,-38.208,6.287
0.943,-0.013,0.117,85.999,-39.612,9.460
0.975,-0.019,0.040,71.899,-41.809,7.324
0.982,0.002,0.017,54.810,-44.556,12.939
0.996,0.022,0.014,48.340,-44.739,13.184
0.994,0.007,-0.021,35.278,-44.861,2.991
1.005,0.010,-0.019,26.917,-44.250,-7.202
1.002,0.021,-0.030,25.574,-42.053,-13.428
0.977,0.044,-0.040,25.330,-33.630,-24.902
0.957,0.056,-0.048,22.583,-28.809,-32.654
0.944,0.074,-0.052,20.386,-28.992,-34.180
0.925,0.106,-0.070,16.663,-30.884,-35.767
0.907,0.126,-0.077,14.771,-34.302,-35.950
0.908,0.137,-0.071,14.709,-34.607,-35.034
0.911,0.158,-0.089,18.433,-33.997,-34.973
0.903,0.171,-0.119,23.193,-31.372,-35.217
0.914,0.185,-0.122,25.085,-30.945,-34.729
0.916,0.195,-0.143,28.015,-30.945,-33.386
0.911,0.194,-0.149,30.579,-29.053,-31.738
0.919,0.193,-0.181,30.457,-27.466,-30.579
0.902,0.195,-0.213,27.344,-30.029,-27.893
0.901,0.202,-0.221,21.606,-34.546,-22.400
0.896,0.209,-0.244,18.860,-36.255,-20.203
0.913,0.211,-0.237,14.893,-37.170,-16.174
0.897,0.204,-0.250,14.160,-37.598,-13.245
0.912,0.215,-0.242,15.198,-35.889,-11.780
0.904,0.207,-0.274,19.348,-29.419,-11.169
0.919,0.197,-0.262,25.208,-25.818,-10.132
0.918,0.192,-0.262,27.039,-22.400,-8.972
0.905,0.186,-0.286,33.142,-15.625,-9.033
0.901,0.184,-0.279,34.973,-12.329,-9.460
0.909,0.155,-0.294,35.339,-10.010,-6.775
0.924,0.119,-0.299,31.189,-9.155,-3.418
0.934,0.146,-0.322,29.297,-9.460,-3.784
0.929,0.115,-0.307,22.949,-7.568,-4.944
0.932,0.113,-0.299,16.235,-4.639,-5.615
0.927,0.110,-0.286,12.146,-4.333,-5.188
0.921,0.114,-0.266,7.568,-1.282,-7.568
0.904,0.099,-0.259,3.845,2.747,-9.460
0.921,0.111,-0.226,3.174,3.967,-10.742
0.916,0.109,-0.212,0.610,6.592,-10.010
0.911,0.136,-0.175,0.427,7.141,-10.864
0.914,0.139,-0.178,-0.183,5.981,-12.146
0.927,0.139,-0.165,0.305,4.150,-11.841
0.925,0.144,-0.145,1.648,3.235,-12.085
0.931,0.154,-0.148,2.930,2.686,-10.254
0.934,0.132,-0.145,4.761,0.122,-9.888
0.943,0.118,-0.161,7.629,-0.061,-10.437

1.599,-0.045,0.915,67.627,-183.777,-100.830
1.598,-0.129,1.097,99.182,-309.082,-137.939
1.448,-0.123,1.336,161.865,-637.268,-226.074
0.774,-0.311,1.213,169.189,-947.815,-301.453
0.381,-0.467,1.300,140.808,-1067.017,-319.580
-0.313,-0.537,1.522,95.093,-1254.089,-333.374
-0.672,-0.540,1.629,149.963,-1304.199,-348.450
-0.760,-0.438,1.286,218.079,-1280.640,-370.422
-0.911,-0.315,0.374,371.887,-1118.835,-403.748
-1.453,-0.189,-0.710,472.595,-953.735,-367.004
-1.850,-0.029,-1.259,474.060,-885.193,-316.528
-2.509,0.138,-2.254,356.750,-756.897,-163.635
-2.957,-0.029,-2.990,233.215,-582.886,8.545
-2.892,-0.008,-3.277,176.636,-432.922,80.017
-2.209,-0.274,-3.304,38.269,-54.932,156.433
-1.819,-0.539,-2.988,-116.028,277.527,159.058
-1.243,-0.882,-2.197,-184.692,409.363,122.009
-1.108,-0.886,-1.618,-268.188,640.808,-10.132
-1.142,-0.874,-1.529,-266.907,866.455,-158.447
-1.646,-0.658,-1.649,-261.230,948.303,-212.219
-2.290,-0.255,-1.745,-272.339,1085.693,-213.562
-2.558,-0.104,-1.587,-290.710,1209.595,-67.322
-2.571,-0.279,-0.752,-329.712,1225.342,49.133
-2.562,-0.679,-0.025,-446.716,1216.003,266.479
-2.159,-0.943,0.294,-524.231,1030.823,408.386
-1.376,-1.333,0.661,-518.616,924.744,433.838
-0.278,-1.094,1.113,-490.540,768.127,425.049
0.632,-0.674,1.396,-455.078,677.673,416.565
2.958,0.073,2.316,-313.171,489.990,348.450
3.969,0.614,3.254,-53.772,136.597,104.553
3.969,0.528,3.031,74.890,-185.669,-89.417
1.548,-0.322,2.385,243.530,-715.210,-439.087
-0.613,-0.938,2.053,343.018,-1058.228,-533.325
-0.876,-0.811,1.782,338.074,-1205.627,-524.231
-1.157,-0.754,1.893,239.380,-1337.402,-493.164
-1.254,-0.672,1.956,251.221,-1354.675,-499.023
-1.458,-0.539,1.433,315.430,-1325.623,-506.592
-1.287,-0.046,0.152,469.238,-1143.738,-441.040
-1.781,-0.046,-0.937,573.914,-878.845,-330.261
-2.286,-0.019,-1.483,582.458,-792.114,-259.155
-2.835,0.148,-2.794,454.895,-666.138,-86.914
-2.534,0.096,-3.186,234.497,-498.474,75.562
-2.259,-0.152,-3.094,142.212,-340.942,144.836
-1.541,-0.793,-2.478,25.208,-28.442,185.669
-1.165,-1.103,-1.925,-61.340,203.369,112.610
-0.907,-0.927,-1.674,-101.074,290.344,54.382
-0.967,-0.753,-1.229,-153.076,441.284,-56.274
-1.165,-0.361,-1.183,-146.484,558.655,-120.056
-1.275,-0.170,-1.278,-145.447,598.938,-126.709
-1.478,0.229,-1.531,-149.414,652.344,-72.998
-1.487,0.208,-1.659,-201.233,663.696,52.917
-1.469,0.106,-1.542,-243.835,659.607,119.873
-1.212,-0.188,-1.015,-347.107,631.042,256.104
-1.019,-0.431,-0.476,-383.057,639.221,348.389
-0.819,-0.471,-0.214,-382.629,625.244,387.329
-0.375,-0.476,0.109,-332.458,611.511,410.645
0.116,-0.384,0.206,-260.254,576.538,378.784
0.307,-0.290,0.198,-224.304,544.495,360.352
0.624,-0.038,0.111,-146.545,469.604,300.842
0.848,0.155,0.038,-87.646,417.603,243.469
0.931,0.249,0.014,-69.824,403.931,216.064
1.000,0.320,0.026,-46.997,376.343,168.152
0.948,0.280,0.061,-35.950,346.558,123.779
0.929,0.236,0.104,-32.959,324.036,106.262
0.950,0.216,0.132,-22.278,268.616,79.041
0.951,0.224,0.162,-13.672,209.045,60.303
0.951,0.208,0.169,-9.766,182.068,52.917
0.943,0.178,0.208,-2.686,132.324,47.729
0.970,0.158,0.208,12.451,91.003,43.396
0.981,0.125,0.190,22.339,78.369,39.124
0.995,0.078,0.137,43.579,58.411,32.227
0.996,0.037,0.107,64.026,44.800,20.752
1.000,0.033,0.087,71.350,39.246,14.709
0.973,0.024,0.045,77.881,30.701,3.906
0.960,0.022,-0.010,74.036,20.386,-2.502
0.961,0.017,-0.018,70.557,13.733,-6.470
0.937,0.026,-0.063,55.542,2.869,-8.545
0.931,0.028,-0.070,40.833,-8.301,-10.864
0.935,0.030,-0.076,31.982,-13.123,-10.498
0.934,0.060,-0.106,18.066,-22.949,-9.338
0.935,0.049,-0.104,6.836,-28.259,-7.141
0.950,0.067,-0.107,4.395,-28.259,-6.287
0.938,0.078,-0.125,3.235,-28.381,-5.615
0.973,0.084,-0.126,5.676,-26.184,-7.507
0.974,0.086,-0.143,10.498,-22.339,-10.620
0.992,0.069,-0.172,20.813,-13.733,-18.555
0.979,0.073,-0.163,28.503,-2.686,-21.912
0.967,0.088,-0.198,31.311,0.244,-23.132
0.988,0.096,-0.197,31.677,0.732,-23.560
0.989,0.098,-0.215,26.062,-4.517,-23.926
0.997,0.098,-0.232,21.179,-8.240,-22.827
0.960,0.108,-0.229,12.390,-14.893,-21.606
0.968,0.111,-0.229,5.432,-21.301,-20.081
0.971,0.139,-0.221,3.479,-22.583,-19.470
0.949,0.135,-0.219,2.502,-23.865,-20.874
0.948,0.143,-0.205,5.920,-23.865,-20.325
0.944,0.155,-0.217,7.202,-21.973,-19.348
0.937,0.151,-0.231,13.855,-21.667,-21.667
0.946,0.155,-0.227,17.761,-21.606,-21.912
0.913,0.156,-0.227,21.912,-18.005,-19.104
0.912,0.142,-0.262,26.978,-15.808,-19.897
0.915,0.143,-0.283,28.992,-14.587,-19.348
0.913,0.130,-0.275,28.198,-13.733,-17.822
0.909,0.142,-0.292,25.452,-15.015,-16.846
0.913,0.136,-0.304,22.095,-14.221,-14.160
0.909,0.122,-0.292,16.296,-16.052,-12.817
0.900,0.113,-0.275,10.376,-16.235,-11.169
0.906,0.124,-0.282,9.216,-14.587,-11.230
0.908,0.104,-0.290,7.690,-10.010,-11.658
0.915,0.118,-0.255,6.958,-5.981,-11.597
0.905,0.111,-0.259,6.714,-4.578,-11.230
0.897,0.129,-0.254,8.484,-0.610,-11.963
0.897,0.115,-0.239,8.667,2.991,-12.817
0.906,0.123,-0.227,8.606,3.662,-12.878
0.916,0.123,-0.236,8.728,4.883,-11.292
0.917,0.138,-0.208,7.935,3.052,-11.169
0.906,0.117,-0.226,6.470,2.380,-9.766
0.928,0.124,-0.201,4.150,0.549,-9.644
0.945,0.107,-0.212,5.127,-0.671,-9.766

1.692,-0.048,0.886,-2.930,98.511,39.185
1.869,-0.095,1.055,19.775,49.255,6.287
2.174,-0.221,1.447,81.421,-85.754,-87.952
2.142,-0.157,1.744,162.964,-348.877,-214.783
1.849,-0.128,1.859,178.223,-545.410,-276.489
0.518,-0.341,1.930,171.570,-925.781,-368.652
-0.541,-0.797,1.805,142.822,-1250.000,-392.761
-0.705,-0.739,1.742,123.230,-1372.620,-380.615
-0.764,-0.553,1.792,72.937,-1497.986,-366.150
-0.920,-0.695,2.110,122.070,-1452.148,-421.631
-0.965,-0.669,1.883,207.581,-1394.836,-464.355
-1.208,-0.613,0.825,414.673,-1212.769,-525.635
-1.757,-0.461,-0.444,547.485,-994.263,-499.146
-2.419,-0.371,-1.103,550.598,-907.104,-449.341
-3.453,-0.058,-2.411,422.729,-815.063,-258.728
-3.564,-0.093,-3.094,217.957,-641.052,-27.222
-3.409,-0.285,-3.128,136.292,-477.539,58.350
-2.700,-0.906,-2.652,10.742,-75.317,139.648
-2.097,-1.306,-2.072,-118.713,257.874,129.700
-1.875,-1.334,-1.837,-179.993,377.075,92.957
-1.770,-1.262,-1.493,-264.404,612.427,-17.883
-2.017,-0.915,-1.521,-293.030,810.364,-131.653
-2.249,-0.691,-1.691,-302.246,891.235,-168.884
-2.650,-0.323,-1.789,-351.318,1014.282,-136.597
-2.817,-0.138,-1.316,-409.363,1131.958,14.099
-2.976,-0.210,-1.172,-437.500,1177.063,123.230
-2.473,-0.809,-0.011,-545.593,1208.801,334.900
-1.877,-1.278,0.687,-609.558,1107.910,451.477
-1.571,-1.377,0.901,-599.487,1010.498,463.196
-0.654,-1.149,1.189,-533.813,842.163,464.966
0.033,-0.861,1.418,-451.172,680.664,440.430
1.956,0.006,2.131,-383.728,594.727,406.982
3.969,0.743,3.508,-162.964,349.060,243.713
3.969,0.999,3.734,119.019,-300.598,-96.069
2.562,-0.004,3.078,219.055,-625.793,-263.672
0.154,-0.542,2.563,359.314,-1037.292,-455.444
-0.634,-0.713,2.274,393.677,-1247.864,-501.404
-1.082,-0.628,1.730,349.304,-1308.289,-488.770
-1.175,-0.463,1.747,271.362,-1297.974,-460.449
-1.190,-0.449,1.531,322.876,-1247.620,-458.191
-1.126,-0.158,0.393,371.643,-1177.673,-451.111
-1.357,-0.076,-0.671,465.210,-976.196,-372.925
-1.710,-0.138,-1.237,472.351,-869.629,-313.904
-2.473,-0.219,-2.081,378.784,-716.858,-168.518
-2.432,-0.177,-3.060,202.759,-545.471,-46.753
-2.104,-0.328,-3.138,100.586,-424.194,-22.705
-1.846,-0.529,-2.985,-36.316,-83.435,32.654
-1.526,-0.733,-2.380,-77.698,243.347,22.583
-1.513,-0.740,-2.051,-97.107,378.296,-1.587
-1.533,-0.654,-1.526,-107.666,557.739,-38.391
-1.553,-0.318,-1.365,-122.742,645.813,-40.039
-1.573,-0.128,-1.355,-137.695,668.640,-23.193
-1.473,0.022,-1.318,-172.852,672.668,53.223
-1.318,0.009,-1.101,-235.840,661.133,137.634
-1.205,-0.025,-0.932,-265.137,650.024,185.852
-0.920,-0.204,-0.445,-318.481,590.637,279.480
-0.626,-0.340,-0.178,-320.984,552.246,342.163
-0.444,-0.345,0.010,-306.091,515.320,351.379
-0.012,-0.286,0.151,-256.531,461.792,337.097
0.429,-0.066,0.053,-206.543,385.071,308.716
0.612,0.052,-0.013,-175.720,343.689,289.185
0.814,0.264,-0.115,-117.432,312.683,237.000
0.829,0.343,-0.156,-80.017,317.139,187.073
0.818,0.334,-0.178,-68.298,323.181,164.307
0.794,0.304,-0.105,-49.622,315.491,121.521
0.802,0.306,-0.080,-33.203,287.292,87.097
0.811,0.298,-0.088,-26.428,266.907,73.547
0.803,0.316,-0.034,-15.869,228.394,53.589
0.796,0.312,-0.051,-5.188,192.261,45.532
0.806,0.307,-0.023,0.671,172.180,43.091
0.823,0.289,-0.025,10.559,137.207,45.532
0.835,0.225,-0.051,20.996,109.802,47.119
0.861,0.195,-0.043,27.832,98.083,45.105
0.870,0.173,-0.056,41.443,84.351,40.955
0.892,0.147,-0.090,51.819,78.064,34.607
0.895,0.132,-0.089,55.603,74.219,31.067
0.910,0.116,-0.130,59.265,64.941,24.292
0.889,0.098,-0.126,57.373,51.941,19.775
0.919,0.086,-0.152,55.115,45.593,19.287
0.926,0.071,-0.183,46.936,31.189,15.137
0.929,0.065,-0.213,37.476,16.296,13.428
0.930,0.065,-0.206,31.494,11.169,12.329
0.923,0.043,-0.209,19.531,2.075,12.268
0.928,0.042,-0.199,11.475,-1.831,10.620
0.936,0.060,-0.191,8.972,-1.526,9.949
0.943,0.101,-0.176,6.836,-0.854,6.165
0.944,0.115,-0.162,7.629,1.465,2.502
0.934,0.110,-0.119,8.362,2.075,2.808
0.961,0.124,-0.149,14.221,-0.427,2.319
0.977,0.117,-0.177,20.386,-6.897,2.747
0.986,0.124,-0.194,21.118,-10.498,3.296
1.017,0.115,-0.222,19.775,-19.104,4.150
1.004,0.103,-0.253,14.893,-25.940,2.319
1.026,0.107,-0.238,13.428,-28.381,-0.732
1.000,0.106,-0.283,10.376,-29.968,-7.568
0.982,0.114,-0.257,10.437,-28.015,-15.625
0.979,0.119,-0.265,12.146,-25.452,-19.165
0.957,0.132,-0.248,19.531,-20.874,-25.330
0.944,0.154,-0.254,29.175,-17.456,-29.114
0.919,0.156,-0.266,31.860,-16.296,-28.015
0.891,0.154,-0.282,34.973,-17.334,-26.428
0.906,0.139,-0.310,36.316,-21.057,-22.949
0.884,0.125,-0.334,35.828,-24.902,-20.447
0.903,0.113,-0.340,33.142,-32.959,-16.907
0.894,0.107,-0.338,32.715,-36.377,-17.395
0.897,0.105,-0.361,32.471,-36.133,-19.409
0.895,0.084,-0.369,34.668,-33.020,-24.414
0.881,0.090,-0.377,34.973,-28.076,-29.480
0.859,0.115,-0.414,33.630,-25.818,-31.128
0.830,0.113,-0.423,27.893,-22.522,-33.264
0.825,0.118,-0.415,18.738,-22.400,-30.823
0.818,0.123,-0.409,15.076,-22.949,-29.602
0.812,0.126,-0.390,9.033,-22.095,-23.376
0.836,0.135,-0.387,8.972,-20.142,-21.973
0.843,0.147,-0.393,8.423,-13.977,-20.508
0.842,0.141,-0.391,8.667,-10.010,-19.226
0.858,0.140,-0.376,9.094,-7.141,-18.494
0.859,0.146,-0.397,9.827,-3.113,-18.433
0.850,0.162,-0.375,9.094,0.488,-16.418

1.819,0.007,0.903,49.316,-169.006,-96.313
1.683,-0.094,1.161,76.782,-279.358,-138.916
1.182,-0.042,1.442,138.489,-595.459,-217.346
0.640,-0.215,1.303,157.227,-913.635,-255.676
0.238,-0.359,1.300,138.123,-1040.588,-268.188
-0.254,-0.481,1.263,81.177,-1250.427,-271.118
-0.490,-0.478,1.346,80.383,-1303.955,-285.461
-0.590,-0.440,1.218,127.686,-1274.170,-305.603
-0.642,-0.368,0.514,267.639,-1136.353,-356.018
-1.106,-0.436,-0.370,381.958,-957.031,-376.526
-1.361,-0.365,-0.809,395.935,-888.367,-354.919
-2.021,-0.169,-1.751,320.435,-783.325,-265.747
-2.525,0.015,-2.921,150.940,-638.855,-128.845
-2.750,0.136,-3.514,60.486,-470.337,-69.946
-2.545,0.135,-3.736,-54.993,-29.053,-12.207
-2.084,-0.380,-3.000,-145.935,325.867,18.616
-1.842,-0.593,-2.545,-212.158,450.989,22.278
-1.603,-0.721,-1.770,-291.443,639.160,-20.691
-1.530,-0.735,-1.424,-278.931,855.591,-75.378
-1.686,-0.586,-1.362,-261.658,944.824,-94.482
-1.926,-0.419,-1.150,-262.756,1049.683,-59.265
-1.851,-0.351,-0.628,-286.987,1078.979,60.791
-1.763,-0.398,-0.397,-305.481,1060.913,138.428
-1.473,-0.500,0.004,-352.844,944.336,278.381
-0.907,-0.691,0.302,-376.953,753.540,349.548
-0.509,-0.669,0.411,-378.723,657.715,363.953
0.589,-0.418,0.838,-343.567,484.985,377.563
2.384,0.232,1.357,-239.380,254.395,296.875
3.003,0.336,1.604,-162.781,112.122,204.712
2.696,0.135,1.928,17.883,-268.311,-58.594
0.860,-0.316,1.811,174.561,-732.910,-288.391
0.119,-0.381,1.594,219.788,-943.054,-346.069
-0.499,-0.256,1.664,185.242,-1181.641,-395.325
-0.732,-0.378,1.861,185.059,-1234.741,-462.402
-0.999,-0.474,1.576,221.680,-1218.689,-497.925
-1.285,-0.191,0.518,338.806,-1117.981,-507.629
-1.334,0.082,-0.169,432.190,-953.247,-442.993
-2.167,0.198,-1.435,438.782,-866.211,-382.690
-2.939,0.536,-2.527,351.562,-666.626,-195.801
-2.810,0.530,-2.913,237.061,-454.346,-29.175
-2.596,0.147,-2.916,166.138,-289.185,55.420
-2.061,-0.526,-2.509,102.234,-13.306,205.444
-1.455,-0.514,-2.398,-16.052,172.119,211.914
-0.678,-0.833,-1.685,-73.364,246.155,186.340
-0.477,-0.739,-1.029,-129.883,369.263,94.482
-0.473,-0.624,-0.853,-112.366,449.219,-17.151
-0.628,-0.295,-0.886,-96.985,468.811,-54.199
-0.797,-0.014,-1.074,-92.407,485.474,-60.791
-0.849,0.122,-1.145,-93.140,483.582,-41.992
-0.920,0.209,-1.222,-114.990,470.154,28.503
-0.855,0.162,-1.174,-160.645,430.054,117.554
-0.763,0.152,-1.105,-185.791,414.307,159.485
-0.579,0.079,-0.988,-217.590,409.180,229.065
-0.318,-0.030,-0.814,-214.905,428.833,269.226
-0.212,-0.088,-0.650,-203.308,440.125,275.208
-0.014,-0.090,-0.393,-176.697,455.017,258.972
0.118,-0.040,-0.198,-147.156,445.007,217.041
0.253,0.014,-0.197,-125.488,425.659,198.669
0.429,0.121,-0.214,-76.538,367.065,158.875
0.581,0.201,-0.292,-31.067,315.247,114.014
0.623,0.267,-0.296,-15.625,296.021,93.750
0.636,0.299,-0.344,4.150,261.353,57.434
0.627,0.301,-0.374,11.169,229.614,31.982
0.620,0.297,-0.361,11.902,215.637,21.484
0.569,0.297,-0.348,13.123,192.139,8.606
0.564,0.294,-0.325,17.395,164.551,6.775
0.549,0.282,-0.331,20.508,150.696,7.263
0.606,0.258,-0.340,25.085,125.488,14.465
0.671,0.246,-0.353,27.283,110.229,18.250
0.679,0.233,-0.357,30.029,106.018,18.311
0.712,0.181,-0.376,36.743,99.121,18.188
0.729,0.185,-0.400,41.443,92.896,19.226
0.735,0.144,-0.404,42.847,90.454,18.799
0.779,0.137,-0.440,41.809,86.243,19.043
0.802,0.143,-0.438,38.513,82.397,18.127
0.816,0.136,-0.434,34.973,79.834,17.273
0.835,0.139,-0.448,23.132,69.214,18.494
0.869,0.168,-0.416,9.033,57.373,18.494
0.872,0.164,-0.409,1.038,52.002,16.968
0.876,0.161,-0.404,-13.184,46.082,16.541
0.872,0.180,-0.357,-19.531,37.659,15.015
0.884,0.191,-0.331,-19.836,32.715,13.916
0.885,0.198,-0.332,-19.958,24.170,13.367
0.889,0.205,-0.286,-14.771,19.531,12.756
0.910,0.206,-0.300,-10.681,16.541,11.719
0.903,0.192,-0.302,-3.113,10.559,7.690
0.893,0.178,-0.302,4.700,4.700,4.211
0.902,0.184,-0.320,10.193,3.357,1.038
0.906,0.189,-0.350,20.142,1.282,-6.104
0.885,0.162,-0.363,26.672,-1.587,-12.512
0.892,0.176,-0.378,29.175,-3.601,-15.930
0.851,0.165,-0.403,32.349,-8.240,-19.470
0.845,0.156,-0.420,32.166,-13.855,-18.799
0.836,0.164,-0.410,32.227,-16.235,-19.226
0.815,0.138,-0.441,33.386,-18.066,-18.372
0.825,0.135,-0.470,32.898,-18.311,-17.334
0.813,0.135,-0.498,32.349,-18.555,-16.296
0.801,0.136,-0.497,29.724,-19.287,-14.954
0.805,0.124,-0.525,26.245,-19.836,-14.343
0.814,0.127,-0.514,23.682,-19.836,-14.038
0.816,0.116,-0.530,19.287,-15.930,-15.442
0.794,0.137,-0.533,15.503,-12.329,-18.860
0.794,0.140,-0.510,13.245,-10.132,-18.372
0.782,0.152,-0.498,9.216,-5.493,-17.700
0.775,0.158,-0.491,7.263,-4.639,-16.296
0.789,0.150,-0.488,4.700,-4.089,-14.282
0.782,0.167,-0.474,2.319,-4.761,-11.292
0.792,0.180,-0.469,-0.488,-6.104,-8.240
0.786,0.168,-0.463,-0.549,-7.141,-9.094
0.805,0.160,-0.456,1.099,-5.432,-9.094
0.810,0.190,-0.460,4.700,-3.296,-10.437
0.793,0.180,-0.449,6.775,-2.808,-11.353
0.798,0.195,-0.455,9.033,-2.075,-12.817
0.805,0.209,-0.448,11.414,-0.183,-13.428
0.792,0.197,-0.458,11.719,0.244,-13.489
0.805,0.204,-0.461,12.268,-0.793,-10.803
0.812,0.197,-0.455,10.742,-0.427,-9.399
0.802,0.199,-0.467,10.132,0.488,-8.667
0.799,0.190,-0.463,7.874,-0.183,-6.348

1.786,-0.015,1.004,-45.227,46.692,85.144
2.152,-0.021,1.251,-16.663,-39.490,56.702
2.606,-0.085,1.818,63.660,-317.688,-54.688
2.186,-0.319,2.048,160.828,-722.595,-227.844
1.294,-0.573,2.098,193.420,-924.011,-313.904
-0.501,-1.068,1.794,187.439,-1276.245,-374.023
-0.767,-0.733,1.852,68.359,-1508.301,-346.802
-0.774,-0.708,2.240,48.828,-1520.081,-353.210
-0.937,-0.785,1.997,170.349,-1446.777,-454.346
-1.197,-0.889,0.681,361.816,-1248.474,-510.620
-1.425,-0.833,-0.052,437.439,-1143.921,-506.531
-2.541,-0.738,-1.378,443.359,-1016.418,-433.655
-3.156,0.016,-2.711,327.332,-900.085,-241.638
-3.485,0.135,-2.978,253.052,-770.691,-137.451
-3.442,0.053,-3.386,155.396,-378.174,48.279
-2.834,-0.440,-2.943,36.987,51.575,175.476
-2.302,-0.787,-2.491,-39.185,221.008,220.032
-1.365,-1.299,-1.768,-184.570,414.917,226.868
-0.911,-1.224,-1.283,-257.751,593.323,119.934
-0.914,-1.141,-1.195,-260.254,696.655,27.466
-1.246,-0.967,-1.342,-235.291,907.837,-153.198
-1.545,-0.752,-1.507,-236.633,1044.250,-247.498
-2.023,-0.410,-1.524,-251.953,1095.642,-240.356
-2.189,-0.159,-1.110,-268.066,1174.133,-125.671
-2.249,-0.112,-0.829,-311.157,1168.457,65.979
-2.022,-0.251,-0.039,-333.191,1144.897,169.189
-1.455,-0.650,0.472,-407.532,994.202,320.984
-1.137,-0.834,0.612,-455.078,731.995,394.714
-0.309,-0.830,0.860,-462.708,630.066,414.551
0.880,-0.348,1.159,-436.096,444.580,425.842
1.572,-0.236,1.319,-327.087,257.019,356.934
2.788,0.046,1.750,-237.854,179.810,287.842
3.542,0.295,1.883,-36.621,-71.411,42.603
3.177,0.112,1.913,35.522,-247.986,-110.107
1.300,-0.296,1.982,123.901,-680.725,-356.262
-0.501,-0.542,2.021,147.949,-1091.125,-424.561
-0.954,-0.635,1.954,133.911,-1250.488,-423.340
-1.119,-0.590,2.035,86.365,-1417.236,-416.199
-0.792,-0.542,2.113,146.423,-1363.037,-482.178
-0.991,-0.621,1.753,219.116,-1276.184,-533.997
-1.308,-0.539,0.562,383.606,-1085.938,-561.707
-1.528,-0.250,-0.645,489.014,-891.907,-482.971
-1.952,-0.381,-1.156,494.812,-811.829,-417.847
-2.963,-0.105,-2.056,386.414,-715.637,-221.924
-2.911,0.540,-2.840,179.749,-611.084,-40.161
-2.907,0.215,-3.033,104.736,-488.220,9.033
-2.600,-0.128,-2.545,49.622,-203.186,105.347
-1.783,-0.555,-2.000,41.321,48.584,185.303
-1.506,-0.750,-1.665,3.479,156.860,198.669
-0.935,-1.026,-1.147,-69.458,254.761,171.997
-0.808,-0.916,-0.880,-130.127,294.983,104.248
-0.804,-0.785,-0.879,-134.766,322.144,62.561
-0.884,-0.492,-1.007,-121.216,385.864,-18.738
-0.996,-0.301,-1.203,-113.037,454.773,-39.612
-1.029,-0.177,-1.232,-122.803,488.220,-30.640
-1.044,-0.057,-1.304,-163.147,559.204,1.099
-1.024,0.064,-1.437,-182.678,579.834,28.442
-1.055,0.033,-1.295,-185.486,581.360,29.297
-0.964,-0.014,-1.054,-172.363,553.223,20.569
-0.813,-0.022,-0.773,-133.728,473.999,43.152
-0.664,0.015,-0.607,-117.065,453.674,65.430
-0.405,0.046,-0.447,-100.891,440.308,109.985
-0.195,0.069,-0.326,-96.863,430.115,141.785
-0.069,0.094,-0.309,-91.919,407.104,153.503
0.116,0.132,-0.333,-83.252,331.116,156.250
0.301,0.140,-0.404,-76.904,244.629,137.634
0.375,0.161,-0.415,-72.998,209.412,122.437
0.475,0.194,-0.459,-60.364,157.471,89.539
0.572,0.245,-0.464,-42.236,133.362,52.612
0.547,0.260,-0.461,-33.203,133.728,28.748
0.527,0.261,-0.449,-11.475,136.047,0.488
0.458,0.250,-0.444,7.996,135.315,-17.273
0.486,0.295,-0.445,14.160,129.333,-20.325
0.454,0.266,-0.436,21.423,114.319,-26.794
0.486,0.290,-0.484,22.400,94.849,-22.034
0.508,0.291,-0.493,20.447,84.595,-17.456
0.550,0.290,-0.513,14.954,70.313,-8.667
0.587,0.292,-0.536,8.545,62.561,0.427
0.607,0.263,-0.553,5.188,60.852,6.531
0.652,0.273,-0.546,-1.709,56.641,14.954
0.695,0.249,-0.541,-3.723,53.040,21.667
0.719,0.242,-0.531,-3.174,51.636,21.423
0.758,0.252,-0.540,0.732,53.162,22.827
0.778,0.246,-0.561,4.211,52.856,20.569
0.804,0.258,-0.549,5.066,51.147,19.287
0.811,0.232,-0.585,9.888,47.302,13.855
0.821,0.245,-0.585,17.517,44.373,5.920
0.823,0.233,-0.610,19.714,39.856,2.502
0.777,0.276,-0.617,20.447,30.029,-4.211
0.801,0.263,-0.609,25.574,24.475,-4.211
0.781,0.264,-0.635,26.794,19.836,-7.629
0.752,0.246,-0.671,27.466,9.766,-11.047
0.766,0.254,-0.683,27.466,1.465,-14.282
0.720,0.233,-0.662,27.222,-0.122,-14.648
0.703,0.218,-0.677,27.222,-5.127,-13.794
0.673,0.217,-0.669,24.719,-8.057,-13.123
0.675,0.195,-0.657,25.818,-9.277,-13.916
0.669,0.192,-0.674,26.733,-5.066,-16.235
0.657,0.204,-0.677,28.931,0.427,-21.301
0.635,0.199,-0.676,28.809,2.380,-22.583
0.612,0.197,-0.649,29.541,5.066,-21.240
0.587,0.199,-0.628,29.602,4.700,-20.996
0.579,0.205,-0.635,27.100,3.784,-17.334
0.580,0.200,-0.613,25.574,2.502,-13.245
0.579,0.186,-0.624,23.193,0.427,-10.986
0.581,0.171,-0.607,18.860,-1.648,-7.263
0.594,0.158,-0.603,17.883,-2.014,-6.653
0.592,0.160,-0.598,18.433,-0.793,-7.568
0.592,0.163,-0.613,20.447,1.038,-10.803
0.600,0.145,-0.627,23.254,2.563,-14.282
0.599,0.146,-0.612,23.132,3.174,-16.846
0.602,0.158,-0.645,21.973,2.502,-16.296
0.591,0.140,-0.663,19.653,0.122,-17.151
0.607,0.157,-0.642,17.639,-1.343,-16.968
0.591,0.151,-0.638,12.085,-1.953,-14.221
0.596,0.157,-0.676,9.705,-1.160,-13.672
0.603,0.155,-0.653,8.423,-0.671,-13.062
0.600,0.156,-0.633,6.653,1.404,-11.841
0.607,0.153,-0.624,4.639,2.258,-9.888

1.934,0.006,1.060,-88.989,74.951,93.445
2.332,0.061,1.419,-71.167,-31.982,47.302
2.708,0.120,2.091,3.418,-353.821,-133.545
1.610,-0.141,2.434,105.164,-763.733,-331.787
0.688,-0.309,2.551,148.254,-956.055,-384.888
-0.629,-0.669,2.423,194.214,-1279.053,-424.011
-0.766,-0.756,2.436,205.261,-1468.750,-418.823
-0.703,-0.747,2.397,239.746,-1479.614,-443.176
-1.108,-0.820,1.587,362.732,-1391.296,-518.311
-1.309,-0.766,0.396,501.404,-1203.430,-503.845
-1.621,-0.814,-0.042,550.354,-1104.126,-472.107
-2.744,-0.884,-1.231,553.772,-975.342,-372.498
-3.581,-0.583,-2.522,403.687,-885.620,-183.044
-3.723,-0.502,-2.972,318.726,-786.255,-79.285
-3.633,-0.758,-3.335,176.941,-401.306,72.144
-2.990,-1.367,-2.916,24.475,40.710,159.058
-2.448,-1.716,-2.467,-68.604,212.708,180.237
-1.645,-1.984,-1.560,-232.422,398.743,144.165
-1.465,-1.668,-1.141,-290.710,593.994,-18.799
-1.666,-1.582,-1.176,-276.489,706.360,-119.080
-2.136,-1.175,-1.452,-264.160,877.625,-247.131
-2.471,-0.668,-1.737,-311.096,944.031,-250.366
-2.515,-0.471,-1.688,-349.365,984.253,-200.256
-2.501,-0.331,-1.172,-411.011,1086.731,-37.598
-2.380,-0.514,-0.317,-479.004,1131.287,155.518
-2.145,-0.667,0.058,-509.521,1102.661,240.723
-1.612,-1.028,0.705,-530.579,960.632,349.426
-0.695,-0.919,0.929,-494.568,739.075,379.150
-0.081,-0.747,1.144,-470.642,639.832,385.803
1.852,0.226,1.568,-390.747,386.536,364.258
3.107,0.619,1.976,-257.690,105.103,176.880
3.027,0.460,2.391,-177.490,-55.176,42.114
1.771,0.391,2.690,28.442,-558.350,-228.882
0.060,0.098,2.541,177.856,-979.309,-365.967
-0.391,-0.065,2.371,214.355,-1124.634,-386.230
-0.370,0.008,2.034,227.783,-1254.395,-420.593
-0.613,-0.162,1.964,277.222,-1203.857,-464.966
-0.971,-0.105,1.284,326.904,-1172.974,-459.045
-0.927,0.158,0.281,434.692,-1032.837,-420.227
-1.161,0.034,-0.133,531.067,-808.289,-340.820
-1.919,-0.112,-1.115,543.274,-734.558,-287.476
-2.645,-0.244,-2.104,448.059,-656.921,-129.395
-2.801,-0.330,-2.387,269.531,-539.673,47.241
-2.675,-0.811,-2.596,191.101,-429.687,105.896
-2.430,-0.964,-2.469,66.162,-144.531,140.747
-2.011,-1.128,-2.464,-42.542,144.348,98.206
-1.628,-1.116,-2.006,-93.445,280.762,78.186
-1.263,-0.963,-1.346,-164.612,444.397,13.733
-1.219,-0.812,-1.128,-180.176,489.441,-30.579
-1.164,-0.503,-1.016,-185.303,545.410,-96.130
-1.203,-0.199,-1.103,-182.983,587.585,-113.281
-1.256,-0.038,-1.217,-179.565,602.661,-102.905
-1.260,0.111,-1.270,-204.285,605.469,-36.133
-1.161,0.170,-1.154,-247.009,609.924,49.622
-1.086,0.125,-0.991,-266.785,613.525,94.177
-0.773,0.021,-0.650,-286.255,623.230,186.218
-0.463,0.025,-0.339,-293.945,613.708,258.301
-0.327,-0.032,-0.184,-283.813,591.187,275.879
-0.001,-0.045,-0.075,-236.877,518.311,289.124
0.282,0.038,-0.099,-188.477,433.594,264.282
0.394,0.096,-0.116,-162.048,384.583,243.530
0.592,0.196,-0.196,-111.877,304.810,204.834
0.707,0.313,-0.276,-71.899,261.658,164.368
0.745,0.333,-0.301,-56.396,246.155,140.076
0.740,0.337,-0.296,-34.851,228.088,99.731
0.669,0.326,-0.272,-16.602,205.017,70.801
0.648,0.336,-0.274,-7.202,191.101,60.730
0.676,0.321,-0.292,5.005,164.490,49.561
0.676,0.287,-0.308,14.709,143.738,39.124
0.669,0.285,-0.276,20.752,132.629,34.180
0.692,0.284,-0.330,27.649,113.403,32.593
0.711,0.250,-0.329,32.715,98.389,30.457
0.701,0.233,-0.337,34.607,93.323,28.992
0.732,0.227,-0.342,38.452,85.510,27.893
0.748,0.228,-0.363,38.879,84.839,26.550
0.757,0.192,-0.358,39.917,83.618,24.292
0.760,0.199,-0.345,36.072,83.435,23.926
0.799,0.198,-0.328,32.898,78.796,26.367
0.803,0.196,-0.335,30.457,73.364,24.109
0.815,0.182,-0.333,23.010,63.477,28.503
0.839,0.188,-0.325,9.277,52.551,32.776
0.844,0.185,-0.326,2.197,48.096,36.011
0.845,0.180,-0.282,-6.653,40.588,38.574
0.847,0.183,-0.250,-10.010,39.185,39.673
0.852,0.187,-0.226,-8.789,38.025,38.757
0.875,0.171,-0.209,-4.517,39.429,40.710
0.864,0.165,-0.209,1.404,40.955,36.194
0.882,0.156,-0.192,5.005,40.955,34.241
0.888,0.137,-0.203,14.648,43.579,30.823
0.894,0.117,-0.179,26.306,39.185,21.118
0.897,0.111,-0.207,28.198,36.682,20.874
0.905,0.100,-0.227,31.433,25.818,13.550
0.903,0.053,-0.237,30.212,12.573,6.592
0.907,0.050,-0.224,27.893,5.554,5.066
0.886,0.034,-0.238,25.696,-4.883,-2.197
0.872,0.043,-0.239,26.611,-11.719,-7.996
0.859,0.016,-0.234,26.001,-13.977,-10.986
0.825,0.024,-0.242,28.748,-16.357,-14.893
0.812,0.014,-0.257,28.992,-15.076,-12.451
0.797,0.001,-0.264,31.128,-14.832,-13.184
0.801,0.010,-0.266,31.616,-9.033,-7.141
0.824,0.024,-0.298,33.752,-6.897,-5.859
0.809,0.033,-0.296,31.799,-6.226,-1.831
0.845,0.011,-0.299,32.471,-6.042,1.953
0.857,0.009,-0.330,32.654,-5.493,5.005
0.851,0.020,-0.341,33.020,-5.676,5.798
0.891,0.006,-0.335,33.081,-6.592,6.958
0.914,0.006,-0.360,32.166,-12.634,2.625
0.928,-0.008,-0.394,30.273,-16.724,0.244
0.932,-0.002,-0.398,27.405,-22.522,-3.052
0.936,0.002,-0.408,27.100,-27.588,-9.094
0.919,0.007,-0.456,27.893,-28.076,-11.902
0.943,0.012,-0.500,27.039,-27.588,-14.343
0.935,0.002,-0.499,22.766,-21.851,-20.203
0.878,-0.016,-0.462,18.188,-18.372,-23.743
0.843,0.033,-0.429,5.371,-10.986,-25.513
0.852,0.039,-0.391,0.793,-8.972,-23.926
0.838,0.054,-0.338,-4.150,-7.324,-15.320
0.853,0.065,-0.333,-2.502,-5.859,-12.512

1.529,-0.326,1.000,-46.509,261.536,184.937
1.695,-0.350,1.089,-11.841,236.633,152.588
1.988,-0.431,1.347,66.406,171.570,69.397
2.065,-0.485,1.601,126.526,47.485,-37.048
2.058,-0.465,1.753,147.705,-50.232,-107.727
2.014,-0.398,2.012,173.035,-343.689,-243.530
1.604,-0.413,2.366,176.086,-723.755,-380.615
1.068,-0.586,2.589,167.480,-921.631,-424.744
0.097,-0.656,2.775,151.733,-1314.636,-441.528
-0.635,-1.090,3.422,129.883,-1578.613,-461.182
-0.973,-1.424,3.676,172.913,-1665.100,-489.746
-0.949,-1.360,3.371,338.257,-1648.376,-575.684
-1.834,-1.536,2.046,550.964,-1465.149,-644.165
-1.942,-1.311,1.284,636.719,-1383.850,-612.854
-2.829,-1.077,-0.064,704.041,-1188.965,-479.004
-4.000,-0.857,-1.880,618.103,-1133.423,-272.949
-4.000,-0.527,-2.787,508.911,-1103.271,-128.479
-4.000,-0.261,-3.654,316.162,-742.310,127.625
-3.902,-0.938,-3.309,182.739,-111.877,283.630
-3.081,-1.454,-2.927,84.595,139.526,330.627
-1.559,-2.084,-1.917,-176.270,386.475,333.252
-1.016,-1.986,-0.983,-335.205,613.770,129.211
-1.160,-1.768,-0.891,-338.135,752.686,-17.456
-1.992,-1.354,-1.255,-297.180,1036.011,-276.733
-2.546,-0.762,-1.512,-290.161,1177.124,-332.703
-2.657,-0.594,-1.431,-306.030,1216.187,-291.016
-2.841,-0.495,-1.000,-331.055,1292.236,-103.333
-2.697,-0.636,-0.257,-418.640,1321.777,146.729
-2.353,-0.922,0.117,-479.431,1287.781,246.216
-1.866,-1.523,0.754,-549.133,1120.972,341.675
-0.897,-1.209,1.299,-534.668,972.717,391.235
-0.184,-0.805,1.586,-499.512,863.220,407.776
1.772,-0.104,2.364,-371.155,584.961,380.981
3.969,0.865,3.183,-155.945,219.910,220.093
3.911,0.785,3.115,-35.583,-75.989,53.650
2.057,0.011,2.621,132.446,-682.007,-267.883
0.297,-0.078,2.397,180.054,-1136.719,-426.819
-0.313,-0.178,2.446,158.630,-1326.660,-439.209
-0.969,-0.481,2.823,92.407,-1586.670,-393.982
-0.978,-0.493,2.915,174.194,-1609.863,-420.532
-1.404,-0.652,2.319,277.649,-1552.979,-465.637
-1.474,-0.387,0.575,493.896,-1353.394,-466.003
-1.666,-0.413,-0.049,651.611,-1044.617,-383.301
-3.186,-0.744,-1.505,671.204,-935.486,-312.012
-3.930,-0.211,-3.412,494.690,-853.394,-82.581
-3.592,-0.150,-4.000,124.023,-527.405,128.784
-2.888,-0.271,-4.000,2.869,-338.867,158.508
-2.052,-0.802,-3.004,-107.422,145.691,139.404
-1.505,-1.016,-2.431,-179.138,482.300,69.946
-0.960,-1.374,-1.103,-206.909,546.326,23.010
-0.862,-1.028,-0.544,-216.675,615.540,-75.684
-0.937,-0.896,-0.508,-201.599,615.723,-118.286
-1.098,-0.419,-0.779,-150.818,604.187,-155.396
-1.350,-0.080,-1.274,-134.155,576.050,-99.609
-1.215,-0.040,-1.321,-162.781,541.809,-38.574
-1.117,-0.032,-1.251,-234.863,511.536,74.707
-0.928,-0.045,-1.046,-260.071,514.404,144.470
-0.848,-0.152,-0.892,-264.404,520.874,174.438
-0.544,-0.208,-0.581,-263.062,537.720,223.511
-0.329,-0.202,-0.383,-229.553,535.034,229.919
-0.152,-0.166,-0.377,-201.721,529.541,227.722
0.159,-0.060,-0.354,-149.048,482.544,202.148
0.355,0.121,-0.344,-105.103,423.950,167.542
0.416,0.158,-0.379,-84.717,390.869,149.841
0.527,0.209,-0.444,-57.007,336.670,116.516
0.551,0.235,-0.494,-41.016,302.490,80.322
0.574,0.284,-0.415,-36.499,289.856,65.857
0.528,0.302,-0.343,-22.278,275.940,43.030
0.537,0.308,-0.292,-8.728,245.605,38.879
0.554,0.285,-0.278,-4.272,226.196,38.391
0.614,0.277,-0.277,-3.967,192.017,44.189
0.691,0.278,-0.260,-3.662,168.518,48.096
0.706,0.259,-0.233,-4.211,160.339,48.279
0.687,0.236,-0.208,0.671,150.696,44.373
0.729,0.229,-0.181,9.827,140.259,41.321
0.752,0.217,-0.167,13.916,133.667,40.161
0.788,0.187,-0.167,20.081,123.596,38.574
0.809,0.179,-0.198,23.010,111.877,33.264
0.813,0.168,-0.189,23.682,105.530,30.945
0.820,0.144,-0.198,24.841,94.360,23.499
0.786,0.137,-0.154,20.203,85.266,17.151
0.786,0.147,-0.153,16.907,81.604,15.320
0.810,0.135,-0.145,7.507,68.298,16.785
0.839,0.126,-0.114,-0.183,52.856,20.203
0.838,0.106,-0.112,-2.930,45.715,21.667
0.850,0.078,-0.087,-7.446,34.119,25.940
0.857,0.047,-0.090,-8.301,27.039,29.175
0.866,0.037,-0.102,-7.568,24.292,30.579
0.871,0.005,-0.089,-3.235,18.188,32.715
0.885,-0.058,-0.109,-0.854,14.526,33.813
0.905,-0.062,-0.124,0.244,13.367,32.288
0.963,-0.095,-0.137,-0.977,11.353,21.484
1.029,-0.100,-0.139,-2.136,4.211,0.183
1.028,-0.090,-0.166,-2.930,-1.770,-11.536
1.042,-0.046,-0.160,-4.333,-10.254,-23.926
1.036,-0.027,-0.161,0.061,-15.442,-36.377
1.053,-0.031,-0.153,4.395,-18.860,-40.344
1.029,0.022,-0.202,16.235,-23.437,-50.537
1.015,0.053,-0.231,25.574,-23.743,-54.260
1.014,0.060,-0.261,27.588,-23.071,-54.504
1.009,0.059,-0.274,30.396,-20.691,-52.124
0.994,0.073,-0.303,32.227,-19.836,-47.058
0.989,0.074,-0.309,29.907,-18.494,-44.128
0.982,0.090,-0.340,25.574,-16.418,-37.842
0.974,0.104,-0.336,19.897,-13.245,-32.654
0.979,0.134,-0.335,16.479,-11.597,-28.320
0.940,0.156,-0.330,10.071,-10.620,-23.254
0.904,0.159,-0.334,5.188,-10.925,-18.677
0.884,0.177,-0.327,4.333,-11.780,-16.296
0.878,0.170,-0.319,5.310,-9.521,-10.742
0.886,0.166,-0.326,8.545,-4.761,-8.057
0.866,0.155,-0.328,11.841,-3.967,-6.409
0.863,0.163,-0.328,18.005,-0.427,-8.423
0.856,0.149,-0.333,21.729,3.174,-8.423
0.862,0.116,-0.346,23.071,4.944,-8.789
0.862,0.114,-0.366,23.682,7.141,-10.254
0.870,0.107,-0.346,20.874,7.446,-13.916
0.854,0.115,-0.374,19.348,5.371,-13.977
0.864,0.094,-0.362,12.512,1.526,-13.184

1.776,-0.076,1.128,-24.475,190.063,110.229
2.016,-0.151,1.339,-4.761,131.714,68.909
2.333,-0.227,1.699,72.449,-1.038,-40.222
2.179,-0.282,1.915,181.580,-198.242,-183.228
1.894,-0.284,1.962,233.521,-326.782,-248.169
0.631,-0.338,2.160,265.503,-692.200,-320.496
-0.399,-0.388,2.228,228.516,-1087.891,-257.568
-0.657,-0.392,2.209,210.205,-1266.785,-209.106
-0.716,-0.488,2.079,175.293,-1519.653,-150.696
-0.562,-0.553,1.891,201.355,-1557.861,-188.843
-0.852,-0.770,1.852,247.375,-1498.596,-228.271
-1.470,-0.968,1.223,375.366,-1369.751,-280.762
-1.726,-0.908,0.123,463.989,-1252.747,-296.875
-2.097,-0.848,-0.437,467.957,-1192.749,-291.382
-2.951,-0.569,-1.779,424.377,-1055.786,-216.675
-3.519,-0.302,-3.026,296.875,-823.547,-68.787
-3.630,-0.304,-3.611,211.914,-657.837,4.944
-3.182,-0.499,-3.833,55.115,-241.150,104.248
-2.378,-1.190,-2.973,-110.168,179.993,132.263
-1.812,-1.463,-2.304,-191.711,311.340,124.084
-1.349,-1.550,-1.515,-278.931,577.515,34.790
-1.374,-1.346,-1.225,-274.719,841.919,-119.934
-1.590,-1.200,-1.251,-256.104,942.566,-194.397
-2.050,-0.789,-1.540,-242.920,1078.552,-255.066
-2.244,-0.508,-1.287,-260.010,1180.298,-172.302
-2.264,-0.496,-1.065,-261.536,1228.760,-97.046
-2.257,-0.448,-0.386,-314.392,1251.282,81.665
-2.027,-0.844,0.334,-406.616,1159.241,241.211
-1.830,-1.072,0.582,-432.190,1064.575,293.274
-0.850,-1.140,1.076,-446.777,869.324,352.051
0.763,-0.486,1.552,-409.363,614.014,360.229
1.903,-0.249,1.993,-357.239,439.758,335.632
3.807,0.307,2.403,-190.430,57.068,180.908
2.909,-0.034,2.279,4.089,-403.931,-143.555
1.662,-0.320,2.137,82.275,-610.229,-291.382
-0.413,-0.498,2.087,197.266,-1021.301,-415.039
-0.877,-0.419,1.955,185.730,-1349.304,-375.916
-1.007,-0.205,1.788,160.645,-1400.330,-353.271
-1.197,-0.319,1.661,200.256,-1356.934,-343.811
-1.227,-0.291,1.202,317.505,-1252.747,-338.745
-1.234,-0.278,0.130,371.155,-1167.969,-316.956
-1.557,-0.340,-0.873,445.129,-986.389,-261.292
-2.052,-0.305,-1.463,415.710,-837.158,-181.641
-2.452,-0.089,-2.809,321.106,-742.981,-128.784
-2.430,0.125,-3.643,63.599,-496.704,-32.532
-2.254,0.096,-3.636,-65.918,-302.490,-7.324
-1.996,-0.344,-3.155,-160.706,97.412,-14.648
-1.498,-0.385,-1.872,-116.882,309.021,-9.033
-1.282,-0.594,-1.477,-91.125,380.615,-10.681
-1.102,-0.688,-0.916,-99.548,488.464,-19.226
-0.945,-0.593,-0.754,-101.074,509.888,-28.809
-0.927,-0.494,-0.763,-109.009,506.653,-26.978
-1.027,-0.278,-1.062,-112.122,457.642,-3.418
-0.959,-0.181,-1.244,-149.292,422.546,51.270
-0.970,-0.137,-1.273,-183.472,411.438,82.153
-0.832,-0.193,-1.279,-232.361,442.139,155.029
-0.864,-0.150,-1.264,-226.562,521.179,182.556
-0.703,-0.176,-1.043,-224.060,543.274,199.829
-0.533,-0.338,-0.643,-206.726,543.152,201.721
-0.272,-0.325,-0.305,-150.208,511.536,182.983
-0.133,-0.260,-0.274,-120.422,492.920,175.171
0.123,-0.145,-0.259,-84.534,450.562,157.288
0.411,0.051,-0.390,-46.509,362.610,140.930
0.520,0.104,-0.471,-33.264,328.613,125.549
0.646,0.157,-0.552,-17.761,288.452,90.942
0.605,0.192,-0.592,-16.113,270.752,64.819
0.564,0.179,-0.583,-19.409,259.521,55.420
0.554,0.167,-0.560,-26.245,230.957,47.913
0.624,0.167,-0.523,-30.823,206.543,47.607
0.617,0.156,-0.502,-32.471,197.815,45.654
0.624,0.147,-0.418,-37.109,189.087,44.006
0.653,0.209,-0.350,-38.086,178.040,46.997
0.672,0.193,-0.326,-38.757,173.218,49.805
0.715,0.182,-0.245,-42.053,161.438,55.664
0.745,0.160,-0.202,-37.842,153.748,57.373
0.757,0.155,-0.169,-32.837,151.550,56.702
0.820,0.134,-0.143,-24.414,149.109,56.824
0.875,0.090,-0.091,-17.883,140.015,49.927
0.886,0.090,-0.077,-13.733,130.310,44.250
0.896,0.060,-0.062,-6.714,108.765,34.119
0.975,0.036,-0.086,-0.305,86.121,20.996
0.981,0.026,-0.085,3.784,76.172,12.756
0.980,0.016,-0.086,10.864,57.922,-2.930
0.957,0.008,-0.106,14.648,40.894,-14.465
0.929,0.012,-0.109,14.404,32.776,-16.907
0.900,0.021,-0.131,14.526,20.935,-16.907
0.890,-0.002,-0.142,10.803,13.611,-14.343
0.877,0.001,-0.148,10.071,12.878,-11.230
0.894,0.029,-0.158,8.606,14.343,-6.226
0.916,0.047,-0.162,5.859,14.160,0.122
0.902,0.041,-0.146,6.042,13.611,3.418
0.921,0.024,-0.136,8.606,15.564,4.700
0.945,0.017,-0.143,13.428,18.127,3.357
0.955,0.023,-0.133,18.555,20.264,0.793
0.963,-0.009,-0.185,27.100,25.452,-9.033
0.981,-0.019,-0.175,23.315,14.404,-12.024
0.942,-0.017,-0.197,24.597,13.306,-15.564
0.919,-0.039,-0.213,24.963,5.920,-19.470
0.915,-0.034,-0.236,20.691,-1.709,-23.254
0.889,-0.046,-0.231,16.785,-3.967,-24.719
0.880,-0.033,-0.258,11.475,-8.728,-22.766
0.886,-0.019,-0.254,4.822,-11.108,-21.362
0.886,-0.023,-0.242,2.869,-10.986,-20.447
0.897,0.004,-0.250,0.916,-11.230,-18.494
0.908,0.046,-0.275,0.671,-10.559,-16.418
0.907,0.045,-0.265,1.648,-8.179,-14.954
0.901,0.070,-0.284,5.615,-5.005,-16.113
0.908,0.086,-0.302,10.132,-2.808,-17.456
0.909,0.107,-0.285,10.986,-0.793,-16.968
0.908,0.118,-0.322,14.282,0.061,-15.137
0.900,0.132,-0.329,14.587,-0.610,-12.939
0.916,0.119,-0.348,13.672,-1.709,-13.000
0.911,0.135,-0.356,10.376,-4.761,-11.292
0.926,0.145,-0.362,6.714,-6.348,-9.338
0.925,0.148,-0.351,3.479,-6.897,-7.751
0.939,0.134,-0.341,2.502,-6.287,-6.470
0.942,0.142,-0.327,2.625,-6.470,-7.446
0.932,0.132,-0.307,5.371,-8.362,-9.155
0.935,0.119,-0.309,8.606,-8.972,-10.071
